household_id,timestamp,water_usage,pressure,leakage
1,2023-01-01 00:00:00,143.63502971184062,1.7405317153544786,0
2,2023-01-01 01:00:00,287.67857660247904,3.1676037895134326,0
3,2023-01-01 02:00:00,232.99848545285127,4.491783343505633,0
4,2023-01-01 03:00:00,199.66462104925915,3.9288995456382447,0
5,2023-01-01 04:00:00,89.00466011060914,4.2262445914457984,0
6,2023-01-01 05:00:00,88.99863008405066,3.6351334668428694,0
7,2023-01-01 06:00:00,64.52090304204987,3.76910625807141,0
8,2023-01-01 07:00:00,266.54403644373383,4.396782606261278,0
9,2023-01-01 08:00:00,200.2787529358022,1.9986720354367438,0
10,2023-01-01 09:00:00,227.01814444901137,2.957699854572562,0
11,2023-01-01 10:00:00,55.14612357395061,1.884837767278409,0
12,2023-01-01 11:00:00,292.4774630404986,4.9506720319865885,0
13,2023-01-01 12:00:00,258.11066020010543,4.776237358746453,0
14,2023-01-01 13:00:00,103.08477766956904,1.1577072454740236,0
15,2023-01-01 14:00:00,95.45624180177515,3.822300690062754,0
16,2023-01-01 15:00:00,95.85112746335845,4.700993269662663,0
17,2023-01-01 16:00:00,126.06056073988444,1.7223013805093341,0
18,2023-01-01 17:00:00,181.18910790805947,3.271780922210518,0
19,2023-01-01 18:00:00,157.98625466052894,4.661953190352167,0
20,2023-01-01 19:00:00,122.80728504951048,1.1357839143431954,0
21,2023-01-01 20:00:00,202.96322368059487,3.7896810689873597,1
22,2023-01-01 21:00:00,84.87346516301045,2.189396029490203,0
23,2023-01-01 22:00:00,123.03616213380454,4.697584781506121,0
24,2023-01-01 23:00:00,141.59046082342292,4.884232980661471,0
25,2023-01-02 00:00:00,164.01749605425897,4.777065956453736,0
26,2023-01-02 01:00:00,246.2939903482534,2.896856866629855,0
27,2023-01-02 02:00:00,99.91844553958992,4.448170603957253,0
28,2023-01-02 03:00:00,178.5586096034029,4.378197594140282,1
29,2023-01-02 04:00:00,198.1036422155106,2.2764018929730225,0
30,2023-01-02 05:00:00,61.61260317999943,4.315661896602709,0
31,2023-01-02 06:00:00,201.8862129753596,1.1480305388619705,0
32,2023-01-02 07:00:00,92.63103092182288,3.385079513928212,0
33,2023-01-02 08:00:00,66.26289824631988,1.9200353491508122,0
34,2023-01-02 09:00:00,287.2213843133333,1.4822675431091152,1
35,2023-01-02 10:00:00,291.40800826863983,1.3078128065168366,0
36,2023-01-02 11:00:00,252.09933702911528,3.785155103512559,0
37,2023-01-02 12:00:00,126.15344229334268,2.3594998550722646,0
38,2023-01-02 13:00:00,74.41802850159597,3.899067086115046,0
39,2023-01-02 14:00:00,221.05825662803923,1.2614253631957695,0
40,2023-01-02 15:00:00,160.03812343490034,2.2611613513224413,0
41,2023-01-02 16:00:00,80.5095587111947,3.157965169501349,0
42,2023-01-02 17:00:00,173.79422752781755,4.162892659355855,0
43,2023-01-02 18:00:00,58.5971302788046,2.2750100117282797,0
44,2023-01-02 19:00:00,277.3301005196955,3.5035655057480364,0
45,2023-01-02 20:00:00,114.69499540000423,4.543910992944749,0
46,2023-01-02 21:00:00,215.6305710884955,3.4634527527292183,0
47,2023-01-02 22:00:00,127.92776902235273,1.931837899014535,0
48,2023-01-02 23:00:00,180.0170052944527,1.097603126226152,0
49,2023-01-03 00:00:00,186.67756983581992,4.4803954956037195,0
50,2023-01-03 01:00:00,96.21361388138176,1.0850776434015486,0
51,2023-01-03 02:00:00,292.3961569411397,4.498806690736798,0
52,2023-01-03 03:00:00,243.78320584027864,3.115748536108848,0
53,2023-01-03 04:00:00,284.87473539104724,4.756270794051584,0
54,2023-01-03 05:00:00,273.70683760691225,4.195132943094661,0
55,2023-01-03 06:00:00,199.47499470277128,4.99173644213335,0
56,2023-01-03 07:00:00,280.4685587557792,2.4028472618068406,0
57,2023-01-03 08:00:00,72.12312551297987,4.068753155724508,0
58,2023-01-03 09:00:00,98.9957156047863,2.6077236544369686,0
59,2023-01-03 10:00:00,61.30682222763451,2.9195024812156354,0
60,2023-01-03 11:00:00,131.33258269081608,3.5100218528734803,0
61,2023-01-03 12:00:00,147.1693224223705,4.4947084567453555,0
62,2023-01-03 13:00:00,117.83725794347397,4.93633387679718,0
63,2023-01-03 14:00:00,257.18437728798233,4.073093655458073,0
64,2023-01-03 15:00:00,139.18833167339733,2.671067128669335,0
65,2023-01-03 16:00:00,120.23362742184518,2.6854280091082807,0
66,2023-01-03 17:00:00,185.67402078956212,3.950329206355566,0
67,2023-01-03 18:00:00,85.23105624369066,1.9551085830732093,0
68,2023-01-03 19:00:00,250.54924518850993,1.4418964525255786,0
69,2023-01-03 20:00:00,68.6376609199427,2.418488630563106,0
70,2023-01-03 21:00:00,296.72173415012935,2.148955966616327,0
71,2023-01-03 22:00:00,243.06119232416435,2.1852324818239603,0
72,2023-01-03 23:00:00,99.6789203835431,1.9344310041996398,0
73,2023-01-04 00:00:00,51.3805292809006,1.1683727585454475,0
74,2023-01-04 01:00:00,253.86535711370854,1.0714957389336552,0
75,2023-01-04 02:00:00,226.71433596190428,4.950889558944127,0
76,2023-01-04 03:00:00,232.25179201024682,2.7110925349434494,0
77,2023-01-04 04:00:00,242.81758667148642,2.5373065886387267,0
78,2023-01-04 05:00:00,68.5111629335226,3.7185891307722794,0
79,2023-01-04 06:00:00,139.61643213606817,1.8730155514602567,1
80,2023-01-04 07:00:00,78.96726488128243,4.799844735800901,0
81,2023-01-04 08:00:00,265.7758564688984,4.145380057662209,0
82,2023-01-04 09:00:00,205.82453170688947,1.357644009249038,0
83,2023-01-04 10:00:00,132.7245062131623,2.6703231031397134,0
84,2023-01-04 11:00:00,65.88958757150591,4.516473230248659,0
85,2023-01-04 12:00:00,127.74558042891555,4.778928089165641,0
86,2023-01-04 13:00:00,131.29583050668674,2.869606044999479,0
87,2023-01-04 14:00:00,232.40154458451602,3.453645556842831,0
88,2023-01-04 15:00:00,209.38936783880328,1.668135784368301,0
89,2023-01-04 16:00:00,271.8031856440816,4.964674504547906,0
90,2023-01-04 17:00:00,168.05373129048732,1.9266868055337736,0
91,2023-01-04 18:00:00,79.89856148457542,4.770927096540502,0
92,2023-01-04 19:00:00,228.31119680574875,3.598586595969474,1
93,2023-01-04 20:00:00,240.19626215422437,3.4309471795154365,0
94,2023-01-04 21:00:00,190.31929939237406,3.0507540440660343,0
95,2023-01-04 22:00:00,242.74179498864024,1.9226792468710348,0
96,2023-01-04 23:00:00,173.4488990910977,1.706112128022033,0
97,2023-01-05 00:00:00,180.68320734549852,1.8819448362807014,0
98,2023-01-05 01:00:00,156.8852545896374,1.745753048577018,0
99,2023-01-05 02:00:00,56.3547816860238,4.118337894267013,0
100,2023-01-05 03:00:00,76.97285674832611,2.4005010366669204,0
101,2023-01-05 04:00:00,57.857296421683564,1.2313707062535855,0
102,2023-01-05 05:00:00,209.1026028159451,4.876410520563246,0
103,2023-01-05 06:00:00,128.58899526908166,4.535143539853703,0
104,2023-01-05 07:00:00,177.1426727911757,4.711009132780852,0
105,2023-01-05 08:00:00,276.89161848152327,4.979631290585742,0
106,2023-01-05 09:00:00,112.32305728721875,1.6955809968779492,0
107,2023-01-05 10:00:00,152.59573075890745,2.584968075610635,0
108,2023-01-05 11:00:00,238.88778463576216,4.032953902816365,0
109,2023-01-05 12:00:00,107.19954137290561,3.784082472215169,0
110,2023-01-05 13:00:00,69.24497745719825,1.6155836253594202,1
111,2023-01-05 14:00:00,122.43786322844201,4.2633324999624715,0
112,2023-01-05 15:00:00,90.30532181350111,1.8977622873466427,0
113,2023-01-05 16:00:00,282.42441308564327,1.8952704592904923,0
114,2023-01-05 17:00:00,252.03009489110423,3.1478976915736543,0
115,2023-01-05 18:00:00,208.35093912760587,3.3717597393668126,0
116,2023-01-05 19:00:00,267.8651475469294,3.3203448313512447,0
117,2023-01-05 20:00:00,250.91801922477862,1.3659473495910195,0
118,2023-01-05 21:00:00,96.64251472150896,4.5098434505215215,0
119,2023-01-05 22:00:00,273.13974962249443,2.0624001703548243,0
120,2023-01-05 23:00:00,184.83556047891267,1.5180596851312167,0
121,2023-01-06 00:00:00,251.86003879101563,4.554992319475909,0
122,2023-01-06 01:00:00,274.02282498087334,4.822605992919014,0
123,2023-01-06 02:00:00,129.50086874296596,4.4485104690618025,1
124,2023-01-06 03:00:00,77.51298113191919,4.238064298899513,0
125,2023-01-06 04:00:00,106.98379063548542,3.620967922556087,1
126,2023-01-06 05:00:00,156.77694715656406,3.2034294824365572,0
127,2023-01-06 06:00:00,254.50369148062327,1.3479470396456406,0
128,2023-01-06 07:00:00,265.18264581408584,2.633812852282795,0
129,2023-01-06 08:00:00,51.738032632797676,2.490754068049256,0
130,2023-01-06 09:00:00,177.68682564439143,2.039015135041305,0
131,2023-01-06 10:00:00,154.35275078719474,3.8936804547543398,0
132,2023-01-06 11:00:00,105.52695261768255,2.9835029403150832,0
133,2023-01-06 12:00:00,79.9663418334207,1.3241848636305917,0
134,2023-01-06 13:00:00,134.403792850907,1.8807328077992453,0
135,2023-01-06 14:00:00,285.72742597812976,3.7330350546383837,0
136,2023-01-06 15:00:00,130.80073300518882,1.3045234379612007,0
137,2023-01-06 16:00:00,179.6976554358415,4.404827656195074,0
138,2023-01-06 17:00:00,225.75473972379447,2.9805861080558973,0
139,2023-01-06 18:00:00,140.9074005948235,2.922346309306592,0
140,2023-01-06 19:00:00,292.9455206802402,3.3696311386380704,0
141,2023-01-06 20:00:00,290.6118237355278,4.298723863700596,0
142,2023-01-06 21:00:00,112.94557395634104,2.391236831608772,0
143,2023-01-06 22:00:00,174.31212647309636,3.7120646102362542,0
144,2023-01-06 23:00:00,125.21957745419242,3.2629278559831643,0
145,2023-01-07 00:00:00,121.2101235943669,2.0681130806776853,0
146,2023-01-07 01:00:00,59.2217368386332,4.514519945420632,0
147,2023-01-07 02:00:00,202.39108349497423,4.189704086427712,0
148,2023-01-07 03:00:00,175.66975580721538,3.633807338633702,0
149,2023-01-07 04:00:00,62.86968781249734,4.402326916376968,0
150,2023-01-07 05:00:00,119.66161605915286,4.4691768038392095,0
151,2023-01-07 06:00:00,277.06647149166344,3.833451906860139,0
152,2023-01-07 07:00:00,109.89047266674311,4.348053313454688,0
153,2023-01-07 08:00:00,86.22371802280577,3.7898858466771346,0
154,2023-01-07 09:00:00,172.36319006939075,3.7205630870412016,0
155,2023-01-07 10:00:00,296.41261352765014,3.474445512860737,0
156,2023-01-07 11:00:00,110.51381787787511,4.010866558230565,0
157,2023-01-07 12:00:00,218.03388685146965,1.6344204211722948,0
158,2023-01-07 13:00:00,240.4049038321794,4.523483036795714,0
159,2023-01-07 14:00:00,109.4093859980999,4.487374110980928,0
160,2023-01-07 15:00:00,232.05408715296488,1.1169891321382366,0
161,2023-01-07 16:00:00,141.9457831798133,4.303267002259051,0
162,2023-01-07 17:00:00,208.07645764839486,1.5154794698937808,0
163,2023-01-07 18:00:00,208.38242769022366,2.3404754170365676,0
164,2023-01-07 19:00:00,183.94367101868963,3.974033025166431,0
165,2023-01-07 20:00:00,72.57244251360208,1.6430395841932328,0
166,2023-01-07 21:00:00,258.82562389730947,4.271868096476249,1
167,2023-01-07 22:00:00,130.19501624293395,4.328536711830967,0
168,2023-01-07 23:00:00,96.62962759996356,3.029870935043345,0
169,2023-01-08 00:00:00,60.19378538869098,1.0255434868673343,0
170,2023-01-08 01:00:00,197.72323579706045,2.148152532699651,0
171,2023-01-08 02:00:00,219.3910904605706,3.467707673502969,0
172,2023-01-08 03:00:00,54.14695723196404,4.924744712109694,0
173,2023-01-08 04:00:00,178.02326457482025,3.5272541080666735,0
174,2023-01-08 05:00:00,106.6239437994845,2.039214324256639,0
175,2023-01-08 06:00:00,211.29319760236245,3.5360228123984454,0
176,2023-01-08 07:00:00,93.59160725124786,3.159941518863422,0
177,2023-01-08 08:00:00,222.73443452561648,4.119381580604575,0
178,2023-01-08 09:00:00,146.68383657513436,1.4279225553078336,0
179,2023-01-08 10:00:00,284.1824971841836,4.0441116100081125,0
180,2023-01-08 11:00:00,84.3802360364983,3.165066314704441,0
181,2023-01-08 12:00:00,135.26658776256463,4.851968015435979,0
182,2023-01-08 13:00:00,78.36838031014727,2.3674886641547443,0
183,2023-01-08 14:00:00,281.1734045696407,3.5304875725357925,0
184,2023-01-08 15:00:00,269.33483834524526,4.72811242204007,0
185,2023-01-08 16:00:00,114.4854069287889,1.410038911962717,0
186,2023-01-08 17:00:00,214.99601150854477,4.7489139489458045,0
187,2023-01-08 18:00:00,254.30555005030396,3.7515428892032534,0
188,2023-01-08 19:00:00,188.80020289986558,1.2713482364206876,0
189,2023-01-08 20:00:00,182.41264458900162,2.203854267787265,0
190,2023-01-08 21:00:00,110.46307272511292,3.8326883545811263,0
191,2023-01-08 22:00:00,73.2756919514748,1.2694024058750868,0
192,2023-01-08 23:00:00,274.3039394883317,3.328681840705093,0
193,2023-01-09 00:00:00,275.10451429083264,2.383532227811827,0
194,2023-01-09 01:00:00,208.27536431831697,3.4836620710699084,0
195,2023-01-09 02:00:00,134.75744776217516,1.1829681352500514,0
196,2023-01-09 03:00:00,137.3023936531652,4.486147224609505,0
197,2023-01-09 04:00:00,231.48891971755984,4.893955876709588,0
198,2023-01-09 05:00:00,274.27756498814426,4.875511421142766,0
199,2023-01-09 06:00:00,271.77160606627933,3.998607326971699,0
200,2023-01-09 07:00:00,244.96888646440595,1.5203449605225279,0
201,2023-01-09 08:00:00,210.50791153857193,4.033052783716091,1
202,2023-01-09 09:00:00,71.03499124876221,1.098347665835206,0
203,2023-01-09 10:00:00,90.40717852365344,1.088494206115989,0
204,2023-01-09 11:00:00,274.63854713176977,2.294440876598165,0
205,2023-01-09 12:00:00,201.60726491489748,2.954572761618663,0
206,2023-01-09 13:00:00,52.29926290415741,4.081629671231173,0
207,2023-01-09 14:00:00,75.36788571650803,3.7331815064260208,0
208,2023-01-09 15:00:00,215.87544227701395,2.7836108255069933,0
209,2023-01-09 16:00:00,51.265395961554674,2.0945066651266635,0
210,2023-01-09 17:00:00,90.20201285437466,4.988498000630845,0
211,2023-01-09 18:00:00,187.18344734164654,2.704725208943892,0
212,2023-01-09 19:00:00,222.97379942317332,2.805548097318702,0
213,2023-01-09 20:00:00,212.99031487565014,1.6544952847666767,0
214,2023-01-09 21:00:00,106.06732736513995,4.1792381949997175,1
215,2023-01-09 22:00:00,228.04480533688397,3.7747289031259545,0
216,2023-01-09 23:00:00,109.31227187420001,1.8830784511550416,0
217,2023-01-10 00:00:00,131.34992453981693,1.3295241824633708,0
218,2023-01-10 01:00:00,236.62285127950602,3.7219972082988524,0
219,2023-01-10 02:00:00,212.40822476180367,3.618044857124541,0
220,2023-01-10 03:00:00,262.3058526235445,2.0930381079928373,0
221,2023-01-10 04:00:00,214.40322307508583,4.803454249001641,0
222,2023-01-10 05:00:00,192.0771508338679,1.604231567123601,0
223,2023-01-10 06:00:00,73.41869195702311,2.7293392041704077,0
224,2023-01-10 07:00:00,141.92895076485837,4.7744636806703955,0
225,2023-01-10 08:00:00,116.30059192043136,2.6789092677044892,0
226,2023-01-10 09:00:00,110.9974108447709,3.554103790656342,0
227,2023-01-10 10:00:00,293.2526386881114,2.590377591851177,0
228,2023-01-10 11:00:00,148.2744311666901,2.09686080939468,0
229,2023-01-10 12:00:00,273.0116387942783,4.935910591839313,0
230,2023-01-10 13:00:00,207.78465649931573,2.637336025260172,0
231,2023-01-10 14:00:00,248.7028258854121,4.576396814716538,0
232,2023-01-10 15:00:00,175.65927327629802,1.9198184235643447,0
233,2023-01-10 16:00:00,194.22597115658976,1.8524188161003332,0
234,2023-01-10 17:00:00,173.12942345471598,1.1245363315380454,0
235,2023-01-10 18:00:00,98.81074694951113,3.60666730150354,0
236,2023-01-10 19:00:00,230.61302881537634,2.4741053748950446,0
237,2023-01-10 20:00:00,120.19309061021394,4.457432999358549,0
238,2023-01-10 21:00:00,56.07899160786346,2.8928396267662286,0
239,2023-01-10 22:00:00,211.36807397679195,4.872773711658887,0
240,2023-01-10 23:00:00,94.27766985176223,1.7421020628124846,0
241,2023-01-11 00:00:00,285.1146460882286,4.474492671822443,0
242,2023-01-11 01:00:00,288.48214425064685,4.106387411166967,0
243,2023-01-11 02:00:00,278.7160975551121,4.083687378576208,0
244,2023-01-11 03:00:00,142.5396750638611,4.379132912467551,1
245,2023-01-11 04:00:00,53.864154132216854,4.044095963771996,0
246,2023-01-11 05:00:00,282.07964064693135,3.5048812865256616,0
247,2023-01-11 06:00:00,157.04603707932858,1.5249795107295503,0
248,2023-01-11 07:00:00,291.6637047609174,1.1301047179650077,0
249,2023-01-11 08:00:00,290.9049942723132,4.683391391262747,0
250,2023-01-11 09:00:00,263.25236386684,3.466601258082952,0
251,2023-01-11 10:00:00,123.61222301739642,4.186149163904705,0
252,2023-01-11 11:00:00,146.27443215048132,2.9260894060502003,0
253,2023-01-11 12:00:00,262.78416787921424,1.469232755849578,0
254,2023-01-11 13:00:00,129.23050128906942,1.5007431688102018,0
255,2023-01-11 14:00:00,92.37318667152311,3.7422611489158855,0
256,2023-01-11 15:00:00,189.20031561458754,2.7212235795978508,0
257,2023-01-11 16:00:00,284.03869354019525,1.8020989068013469,0
258,2023-01-11 17:00:00,224.00744916874325,2.9663781869657475,0
259,2023-01-11 18:00:00,192.51529252234124,1.2568357483005363,0
260,2023-01-11 19:00:00,74.29412344269213,3.327885607657595,0
261,2023-01-11 20:00:00,203.75180667479245,2.0759736177403907,0
262,2023-01-11 21:00:00,297.51346252606584,4.190236402548752,0
263,2023-01-11 22:00:00,85.021003809131,2.241447835694295,0
264,2023-01-11 23:00:00,179.58241309093418,2.820880596327205,0
265,2023-01-12 00:00:00,269.3432679819889,1.0464821596324025,0
266,2023-01-12 01:00:00,235.1921544385511,1.2897875511782355,0
267,2023-01-12 02:00:00,224.253935248817,2.5699742256267393,0
268,2023-01-12 03:00:00,225.6210209967773,2.919755338868494,0
269,2023-01-12 04:00:00,139.8727878049388,3.400082192477215,0
270,2023-01-12 05:00:00,123.39796106612334,2.166650314837213,0
271,2023-01-12 06:00:00,252.3402888696284,3.77992754450617,0
272,2023-01-12 07:00:00,252.52834866979518,4.440489588756819,0
273,2023-01-12 08:00:00,266.7680796450259,4.119403955573399,0
274,2023-01-12 09:00:00,278.31013813911784,1.1584753013934286,0
275,2023-01-12 10:00:00,177.83559971523445,2.9220277890313158,1
276,2023-01-12 11:00:00,175.37907367179992,1.4197207136726995,0
277,2023-01-12 12:00:00,249.5737947416938,1.9681800634501099,0
278,2023-01-12 13:00:00,212.4909826944413,4.946650373068586,0
279,2023-01-12 14:00:00,225.49171931442584,1.569982171606053,0
280,2023-01-12 15:00:00,248.94816735902526,2.9955526138054243,0
281,2023-01-12 16:00:00,272.50133545439155,3.4726229372724764,0
282,2023-01-12 17:00:00,134.49878921288393,3.809859882176416,0
283,2023-01-12 18:00:00,143.89573815998602,3.2385947339476564,0
284,2023-01-12 19:00:00,73.49548496021725,1.0390833896767346,0
285,2023-01-12 20:00:00,194.57003524904349,2.3058452329759676,0
286,2023-01-12 21:00:00,58.98556844918552,3.0708465735388457,0
287,2023-01-12 22:00:00,166.39950453311502,1.3514659965793334,1
288,2023-01-12 23:00:00,185.66115867689416,2.402507724836723,0
289,2023-01-13 00:00:00,121.6353130320711,1.1328124351654663,0
290,2023-01-13 01:00:00,197.7083151422527,1.314313988620083,0
291,2023-01-13 02:00:00,57.62506248476236,2.5876931048063843,0
292,2023-01-13 03:00:00,59.337047187303604,1.5308630161722414,0
293,2023-01-13 04:00:00,255.65014016491457,3.2701633930462326,0
294,2023-01-13 05:00:00,140.04766035281574,3.757859876549063,0
295,2023-01-13 06:00:00,81.7651281629712,4.2023467964363315,0
296,2023-01-13 07:00:00,180.5608150137011,1.8006009769792404,0
297,2023-01-13 08:00:00,242.4983882746527,1.669930329036279,0
298,2023-01-13 09:00:00,103.95525687421079,1.418271361337601,0
299,2023-01-13 10:00:00,205.72261895475006,3.545720998174547,0
300,2023-01-13 11:00:00,71.33686624844199,3.8259029059476046,0
301,2023-01-13 12:00:00,62.92043029215192,1.1263445793025681,0
302,2023-01-13 13:00:00,182.838657892037,4.744848984974759,0
303,2023-01-13 14:00:00,185.15878040252662,1.2078851346058896,0
304,2023-01-13 15:00:00,209.35747537455163,3.165185341204282,0
305,2023-01-13 16:00:00,231.5228334306654,3.8362420778036657,0
306,2023-01-13 17:00:00,293.96301986563367,4.483876494984342,0
307,2023-01-13 18:00:00,179.07508707529882,3.856347728529711,0
308,2023-01-13 19:00:00,130.73911823531148,4.206912332279167,0
309,2023-01-13 20:00:00,248.79654869217592,2.3578007701712242,0
310,2023-01-13 21:00:00,117.70806281551856,4.2593004549860485,0
311,2023-01-13 22:00:00,159.74285517640902,1.3204593855387006,0
312,2023-01-13 23:00:00,69.61409533556649,4.579266624242111,0
313,2023-01-14 00:00:00,56.33768585386438,3.190369504614945,0
314,2023-01-14 01:00:00,290.66210366948127,4.269191079849975,0
315,2023-01-14 02:00:00,258.99503012805144,2.8092731380732006,1
316,2023-01-14 03:00:00,223.9935515234245,3.5743107807861,0
317,2023-01-14 04:00:00,152.2382361035675,3.105610643744453,0
318,2023-01-14 05:00:00,93.32358001771144,3.9263580870213275,0
319,2023-01-14 06:00:00,89.10926066777151,1.3265199281223583,0
320,2023-01-14 07:00:00,112.56072454114883,1.2414083359622552,0
321,2023-01-14 08:00:00,187.30666617653011,1.9884129360405858,0
322,2023-01-14 09:00:00,228.6489806750156,1.6381787204527534,0
323,2023-01-14 10:00:00,215.0493441794328,4.487134266368807,0
324,2023-01-14 11:00:00,119.9834742364857,1.8768559494321773,0
325,2023-01-14 12:00:00,288.7163201657985,4.903461023276526,0
326,2023-01-14 13:00:00,234.47422917394212,2.3475831670844274,1
327,2023-01-14 14:00:00,188.58851312785018,1.7284716627547971,0
328,2023-01-14 15:00:00,202.93018655858805,4.1587940285699165,0
329,2023-01-14 16:00:00,154.90001560694748,3.6348311020035045,0
330,2023-01-14 17:00:00,111.93274737528937,2.992782865812556,0
331,2023-01-14 18:00:00,138.99316966281538,3.221454203750525,0
332,2023-01-14 19:00:00,239.46152761609227,3.8768071130890553,0
333,2023-01-14 20:00:00,53.598372157438966,1.913818965325195,0
334,2023-01-14 21:00:00,79.01816012672906,4.985335664226968,0
335,2023-01-14 22:00:00,61.50066050543819,4.8991726485871325,0
336,2023-01-14 23:00:00,60.182200579742535,3.6013027453877475,0
337,2023-01-15 00:00:00,263.86514600275177,1.7981698037165805,0
338,2023-01-15 01:00:00,225.9144648450059,3.7209129697251653,0
339,2023-01-15 02:00:00,168.5434572718313,1.2887936359167034,0
340,2023-01-15 03:00:00,74.45854016275037,1.1226100088232243,0
341,2023-01-15 04:00:00,172.90396877920807,2.0307315540448547,0
342,2023-01-15 05:00:00,168.36794269514144,2.850491826957265,0
343,2023-01-15 06:00:00,93.30046747750379,4.4730900216335225,0
344,2023-01-15 07:00:00,158.46291230949328,3.908676279065232,0
345,2023-01-15 08:00:00,149.62618359934336,3.970826084799924,0
346,2023-01-15 09:00:00,203.96252451305412,2.7019733377923014,0
347,2023-01-15 10:00:00,208.77341271691094,2.3837399701878517,0
348,2023-01-15 11:00:00,61.32600244301113,2.484155051938411,0
349,2023-01-15 12:00:00,143.6531536566178,4.950598254944231,0
350,2023-01-15 13:00:00,206.4649789285591,1.16043676564993,0
351,2023-01-15 14:00:00,175.78406464502194,4.468125984489794,0
352,2023-01-15 15:00:00,264.1224602970806,3.3147016342895737,0
353,2023-01-15 16:00:00,214.67340790473625,2.754461676758362,0
354,2023-01-15 17:00:00,90.73360677035743,3.901030641660546,0
355,2023-01-15 18:00:00,67.64218685010746,2.9466757656988114,0
356,2023-01-15 19:00:00,210.6048195515789,4.493692952326642,0
357,2023-01-15 20:00:00,56.62782763540545,4.602807456045034,0
358,2023-01-15 21:00:00,196.44389531836583,2.6868837074938217,0
359,2023-01-15 22:00:00,285.0575603562394,2.1073111889402063,0
360,2023-01-15 23:00:00,193.86854446896973,3.369401314373449,0
361,2023-01-16 00:00:00,147.0424815516305,4.649453382466763,0
362,2023-01-16 01:00:00,210.82205461058828,1.8426487560226663,0
363,2023-01-16 02:00:00,164.56322262287915,3.491866334253931,0
364,2023-01-16 03:00:00,186.40419732898374,3.526240880370082,0
365,2023-01-16 04:00:00,285.3662021941313,3.932452089661124,0
366,2023-01-16 05:00:00,146.52565945019356,1.5262707405090392,0
367,2023-01-16 06:00:00,290.2976409559785,3.8632998587283542,0
368,2023-01-16 07:00:00,276.33766048901595,4.636130082662564,0
369,2023-01-16 08:00:00,98.94778369732411,1.7187324354809679,0
370,2023-01-16 09:00:00,67.34032521879136,1.9501732996955106,0
371,2023-01-16 10:00:00,75.19450034435667,4.885580376166558,0
372,2023-01-16 11:00:00,54.55545641288743,1.723907810837959,0
373,2023-01-16 12:00:00,73.6107401889821,4.4175403734783165,0
374,2023-01-16 13:00:00,220.7516933540892,2.969111425792139,0
375,2023-01-16 14:00:00,67.79716211505725,1.9889242976127082,0
376,2023-01-16 15:00:00,129.7439075734403,4.482999605090045,0
377,2023-01-16 16:00:00,261.2188277423636,2.781221020010662,0
378,2023-01-16 17:00:00,55.81798393395647,3.0592694157187608,0
379,2023-01-16 18:00:00,253.61712064723395,2.4369334775990628,0
380,2023-01-16 19:00:00,120.46369369334998,3.3718034057397097,0
381,2023-01-16 20:00:00,79.54120690541407,1.654095490340091,0
382,2023-01-16 21:00:00,224.18429134103766,2.564326146607043,0
383,2023-01-16 22:00:00,207.235711694971,4.87764928934115,0
384,2023-01-16 23:00:00,269.36800338176323,2.03253373080451,0
385,2023-01-17 00:00:00,233.76776095097145,3.626946658165169,0
386,2023-01-17 01:00:00,250.87023259621213,2.3007602568987795,0
387,2023-01-17 02:00:00,120.50864314282663,4.093892502746403,0
388,2023-01-17 03:00:00,94.35988594493071,1.5234946428733993,0
389,2023-01-17 04:00:00,237.6536879102146,4.879284180314179,0
390,2023-01-17 05:00:00,251.708684816816,2.815158165534557,0
391,2023-01-17 06:00:00,297.62628550016836,1.9442018533858558,0
392,2023-01-17 07:00:00,153.15441922785664,1.2939869893200506,0
393,2023-01-17 08:00:00,143.0045214481958,1.679031620350163,0
394,2023-01-17 09:00:00,244.1032401854992,3.0790957942240706,0
395,2023-01-17 10:00:00,135.20088506325447,2.348012705725145,0
396,2023-01-17 11:00:00,282.6893314008912,4.315533463530437,0
397,2023-01-17 12:00:00,264.60318796075296,2.7235500946472238,0
398,2023-01-17 13:00:00,157.24850684375457,1.9948570903505196,0
399,2023-01-17 14:00:00,237.71776694787434,3.46857994641612,0
400,2023-01-17 15:00:00,238.6357185211706,3.8271088675417833,0
401,2023-01-17 16:00:00,75.78096720898316,1.6681676316037994,0
402,2023-01-17 17:00:00,275.63822666989165,1.6704768651532707,0
403,2023-01-17 18:00:00,176.3130931119643,1.1466857077341719,0
404,2023-01-17 19:00:00,256.61436652693544,3.945608060262562,0
405,2023-01-17 20:00:00,130.01240025765293,3.6552181104872203,0
406,2023-01-17 21:00:00,273.8808071240501,2.8985235029992555,0
407,2023-01-17 22:00:00,147.30041968354078,4.376681795876788,0
408,2023-01-17 23:00:00,52.70941287007459,4.222680611800213,0
409,2023-01-18 00:00:00,276.3454941048159,3.3414174575870086,1
410,2023-01-18 01:00:00,72.82166919653339,4.4730851220530345,0
411,2023-01-18 02:00:00,129.8284093976037,1.823364840147073,0
412,2023-01-18 03:00:00,287.51549176270123,1.4476784775909115,0
413,2023-01-18 04:00:00,287.651786734389,2.0789984460679585,0
414,2023-01-18 05:00:00,193.35947203082154,1.2283474243572594,0
415,2023-01-18 06:00:00,207.95930304244982,3.124678112004128,0
416,2023-01-18 07:00:00,162.11138049457995,4.746422769179846,1
417,2023-01-18 08:00:00,123.30269292451614,1.1573741626740386,0
418,2023-01-18 09:00:00,132.16613634247898,1.4884396560401072,0
419,2023-01-18 10:00:00,218.1296140192596,2.808796113133741,0
420,2023-01-18 11:00:00,238.09363235942,4.73550007011162,0
421,2023-01-18 12:00:00,247.89476093146214,2.264624419907002,0
422,2023-01-18 13:00:00,247.40453569863848,3.0289392347535697,0
423,2023-01-18 14:00:00,72.80152576217259,1.1662914362015684,0
424,2023-01-18 15:00:00,173.60507617564537,1.5933728038483554,0
425,2023-01-18 16:00:00,64.38969000416107,4.946520491835388,0
426,2023-01-18 17:00:00,187.38222058093388,4.860474785744183,0
427,2023-01-18 18:00:00,160.38262534334427,1.0197599237376385,0
428,2023-01-18 19:00:00,271.92604568957495,4.807247141692956,1
429,2023-01-18 20:00:00,137.72875313801967,3.5564797512620014,0
430,2023-01-18 21:00:00,79.26675410690146,4.4716731780800885,0
431,2023-01-18 22:00:00,85.74792051320897,2.8189594225354364,0
432,2023-01-18 23:00:00,240.37765792936807,3.062384114317001,0
433,2023-01-19 00:00:00,204.55451582906525,2.9553863210276807,1
434,2023-01-19 01:00:00,75.28066903069757,3.6674570301844174,0
435,2023-01-19 02:00:00,71.02670152874936,1.5586050190252516,1
436,2023-01-19 03:00:00,225.24228286478,1.1198943594907118,0
437,2023-01-19 04:00:00,68.19075159104838,2.2317197663647637,0
438,2023-01-19 05:00:00,255.46501482258904,3.818723050946587,0
439,2023-01-19 06:00:00,226.56055678912406,1.8074138084917934,0
440,2023-01-19 07:00:00,70.33719516047495,3.6937297332996692,0
441,2023-01-19 08:00:00,71.20942852129798,4.879648184429081,0
442,2023-01-19 09:00:00,296.6598946252939,1.3756028631576735,0
443,2023-01-19 10:00:00,143.5676989390301,3.690408472900505,0
444,2023-01-19 11:00:00,142.66053676672271,2.7750008772182846,0
445,2023-01-19 12:00:00,253.19989181437563,4.472569017510022,0
446,2023-01-19 13:00:00,286.81214434596467,1.7085991577895436,0
447,2023-01-19 14:00:00,296.50026595571774,3.770503808904658,0
448,2023-01-19 15:00:00,238.3445463147354,4.35246115859244,0
449,2023-01-19 16:00:00,144.06489638272893,4.778456877896093,0
450,2023-01-19 17:00:00,70.8751791746672,3.7329921131585833,0
451,2023-01-19 18:00:00,244.2867289818592,2.9886990560337092,0
452,2023-01-19 19:00:00,189.60106243395126,3.4713889608048554,1
453,2023-01-19 20:00:00,156.05550231174408,4.475619937914873,0
454,2023-01-19 21:00:00,276.588596273684,3.2824389865553187,0
455,2023-01-19 22:00:00,77.79937057653784,1.1215482387873474,0
456,2023-01-19 23:00:00,173.15627607271477,4.723794782027911,0
457,2023-01-20 00:00:00,52.83841119185477,3.7581070041262445,0
458,2023-01-20 01:00:00,167.16516049853158,3.706053543108986,0
459,2023-01-20 02:00:00,64.07581892045934,1.8627006095908687,0
460,2023-01-20 03:00:00,79.70447906701799,3.635541880930629,0
461,2023-01-20 04:00:00,79.38156169427623,2.575457622616634,1
462,2023-01-20 05:00:00,212.30257552901588,3.6049319081659683,0
463,2023-01-20 06:00:00,236.51121981635583,1.4263721212319629,0
464,2023-01-20 07:00:00,195.84219127428992,3.631381218412144,0
465,2023-01-20 08:00:00,290.5431371186355,4.997654903082666,0
466,2023-01-20 09:00:00,143.717644880926,1.1928481554422241,0
467,2023-01-20 10:00:00,121.42802157046518,4.908696736885269,0
468,2023-01-20 11:00:00,267.1497820473651,2.6276318428914824,0
469,2023-01-20 12:00:00,105.89895962986316,4.483013801349037,0
470,2023-01-20 13:00:00,290.80563486015285,4.129541936233094,0
471,2023-01-20 14:00:00,53.038618672454085,3.268065043946671,0
472,2023-01-20 15:00:00,292.46970667690977,3.953796837005306,1
473,2023-01-20 16:00:00,60.78997798764403,4.514062245205391,0
474,2023-01-20 17:00:00,272.78577842451773,2.616561286604132,0
475,2023-01-20 18:00:00,181.92527727157497,2.308132646252955,0
476,2023-01-20 19:00:00,298.2411990298251,3.670373542254339,0
477,2023-01-20 20:00:00,68.44914118384972,4.231383767765035,0
478,2023-01-20 21:00:00,188.4635711003302,4.049140539106463,0
479,2023-01-20 22:00:00,292.32563390477475,4.191254595434538,0
480,2023-01-20 23:00:00,180.7744610425372,2.742333259251732,0
481,2023-01-21 00:00:00,207.34965953381564,4.2713368647000864,0
482,2023-01-21 01:00:00,223.9371722461543,1.4808362214824338,0
483,2023-01-21 02:00:00,163.6352661919433,3.177956391843398,0
484,2023-01-21 03:00:00,206.88952002101587,1.0230346419924863,0
485,2023-01-21 04:00:00,196.07857798077507,2.298343319601081,0
486,2023-01-21 05:00:00,275.28950262274725,2.4658461394855915,1
487,2023-01-21 06:00:00,61.36159508536447,2.5846907664370216,0
488,2023-01-21 07:00:00,120.24079739805758,3.7818688267594487,0
489,2023-01-21 08:00:00,287.6028710191397,2.554232405081383,0
490,2023-01-21 09:00:00,272.5659459727291,2.7947744904901226,0
491,2023-01-21 10:00:00,163.91418819642823,1.9501765234973099,0
492,2023-01-21 11:00:00,205.03314945038417,2.4930071665173603,0
493,2023-01-21 12:00:00,119.34529574528317,1.909078509052606,0
494,2023-01-21 13:00:00,97.03028993094033,1.2927836950737746,0
495,2023-01-21 14:00:00,165.92460123499552,3.4137943735255116,0
496,2023-01-21 15:00:00,138.33805700651322,3.672851194220065,0
497,2023-01-21 16:00:00,195.91402796271802,3.477961384038458,0
498,2023-01-21 17:00:00,69.4336592412462,2.8539761752022894,0
499,2023-01-21 18:00:00,293.5987019165416,2.5191431207169193,1
500,2023-01-21 19:00:00,296.5526861199007,4.4533345982873005,0
501,2023-01-21 20:00:00,224.54042850493627,3.076327140544872,0
502,2023-01-21 21:00:00,184.0240915860301,2.916727510518924,0
503,2023-01-21 22:00:00,127.38190407158194,1.1025682632257428,0
504,2023-01-21 23:00:00,253.44875492673717,2.3649913105046254,1
505,2023-01-22 00:00:00,221.1827931384698,2.5207824751434282,0
506,2023-01-22 01:00:00,90.65423483622283,2.595291123587602,0
507,2023-01-22 02:00:00,277.73179612346064,3.320689476909329,0
508,2023-01-22 03:00:00,255.63431073079224,3.134410186907514,0
509,2023-01-22 04:00:00,287.449978322981,3.4316203711737785,0
510,2023-01-22 05:00:00,231.42987709708999,4.059533046168513,0
511,2023-01-22 06:00:00,203.35379898394746,4.251942954864374,0
512,2023-01-22 07:00:00,154.56075907265472,3.8724923049059776,0
513,2023-01-22 08:00:00,283.18212083850335,4.822094783819739,0
514,2023-01-22 09:00:00,266.5159723751021,1.0729303307054465,0
515,2023-01-22 10:00:00,61.30466752654735,1.7831119427341844,0
516,2023-01-22 11:00:00,56.591743624313004,1.0302514999125685,0
517,2023-01-22 12:00:00,144.1158417195124,3.589898856618412,0
518,2023-01-22 13:00:00,252.63833269545822,4.592122195799948,0
519,2023-01-22 14:00:00,296.8190323287361,1.973929186305197,0
520,2023-01-22 15:00:00,87.60422277588205,4.708138179185227,0
521,2023-01-22 16:00:00,198.53267883803377,1.2410695611582434,0
522,2023-01-22 17:00:00,145.22271415775538,4.737744107222057,0
523,2023-01-22 18:00:00,292.47859945365076,2.4064907489585377,0
524,2023-01-22 19:00:00,260.52973078392716,1.405683313796866,0
525,2023-01-22 20:00:00,259.5821761777845,2.9434870367453025,0
526,2023-01-22 21:00:00,167.17328994874256,2.0271062708820318,0
527,2023-01-22 22:00:00,153.7048755844163,2.1394916078476913,0
528,2023-01-22 23:00:00,118.35176798267656,2.2291598597051463,1
529,2023-01-23 00:00:00,64.09387416273178,4.212103591330654,0
530,2023-01-23 01:00:00,266.1805940637633,3.156645106701018,1
531,2023-01-23 02:00:00,253.2252522825194,2.2452307966240146,0
532,2023-01-23 03:00:00,299.92941832153264,3.4413351332436735,0
533,2023-01-23 04:00:00,299.15920926847633,3.8646026968927742,0
534,2023-01-23 05:00:00,188.85792640065685,2.090496002934135,0
535,2023-01-23 06:00:00,242.24685379512763,2.654196406101406,0
536,2023-01-23 07:00:00,286.19143247060697,1.4875443733477902,0
537,2023-01-23 08:00:00,262.4118476693528,1.7245973981387213,0
538,2023-01-23 09:00:00,111.8370254357994,3.7244714158599312,0
539,2023-01-23 10:00:00,162.63603382752336,1.7257533907825078,0
540,2023-01-23 11:00:00,82.28985378787374,3.1006535346682407,0
541,2023-01-23 12:00:00,288.5127568146806,3.8361850468897307,0
542,2023-01-23 13:00:00,201.54365861272,1.4275076923789753,0
543,2023-01-23 14:00:00,107.16070137586567,3.269248878515614,0
544,2023-01-23 15:00:00,217.92517110146417,2.026251134805455,0
545,2023-01-23 16:00:00,204.53206011447395,4.851707500950319,0
546,2023-01-23 17:00:00,139.54067950821013,2.934182586879699,0
547,2023-01-23 18:00:00,78.38939804990726,4.223970199100632,0
548,2023-01-23 19:00:00,217.8932988981999,3.200906168625047,0
549,2023-01-23 20:00:00,180.07692522594832,1.1736501314192767,0
550,2023-01-23 21:00:00,243.07959793390984,3.5326055023760894,0
551,2023-01-23 22:00:00,180.04087527799834,4.805613368826628,0
552,2023-01-23 23:00:00,263.04537507963505,3.4064472805853248,0
553,2023-01-24 00:00:00,187.9767096936214,4.276755437707161,0
554,2023-01-24 01:00:00,190.23449288384657,4.536825853393632,0
555,2023-01-24 02:00:00,269.1634006645862,1.91231908779573,0
556,2023-01-24 03:00:00,150.87071655309927,1.8481793596329066,1
557,2023-01-24 04:00:00,83.50380711266018,3.443923955403967,0
558,2023-01-24 05:00:00,57.195669078334745,2.644113879226819,0
559,2023-01-24 06:00:00,238.78431391840476,4.359445211466881,0
560,2023-01-24 07:00:00,205.07738783836618,4.600092493592045,0
561,2023-01-24 08:00:00,226.01994202480589,2.4136855172108724,0
562,2023-01-24 09:00:00,103.24104037722768,1.9474822358979282,0
563,2023-01-24 10:00:00,84.09286889669244,4.122102060975447,0
564,2023-01-24 11:00:00,53.63616641697048,2.0992241421925444,0
565,2023-01-24 12:00:00,137.64688970164923,4.290457274054713,0
566,2023-01-24 13:00:00,197.47942171365827,2.6949530145950513,0
567,2023-01-24 14:00:00,148.0610112749331,3.670199597165882,0
568,2023-01-24 15:00:00,159.36873050593226,1.3821412553386727,0
569,2023-01-24 16:00:00,276.0396736234371,3.495437298706292,0
570,2023-01-24 17:00:00,137.06386675582507,2.8070707149489165,0
571,2023-01-24 18:00:00,178.4973722899527,3.3464338527018964,0
572,2023-01-24 19:00:00,245.91325318528578,1.6720568309794537,0
573,2023-01-24 20:00:00,149.13569558031753,3.9474949797767285,0
574,2023-01-24 21:00:00,205.52167505696838,4.451188310172914,0
575,2023-01-24 22:00:00,265.59092718668626,1.8669592003631026,0
576,2023-01-24 23:00:00,287.3801559144105,1.382858222080647,0
577,2023-01-25 00:00:00,86.76837023225949,1.0945543441853456,1
578,2023-01-25 01:00:00,281.64690629037364,3.567886001773064,0
579,2023-01-25 02:00:00,173.02907326988455,3.428376144355123,0
580,2023-01-25 03:00:00,114.56109707473959,3.18678965085628,0
581,2023-01-25 04:00:00,164.78393905956534,1.9277883844639017,0
582,2023-01-25 05:00:00,295.00814382136923,2.5636239836220587,0
583,2023-01-25 06:00:00,173.1545234982174,3.377905340744692,0
584,2023-01-25 07:00:00,132.18790257187703,2.9870674354366775,0
585,2023-01-25 08:00:00,208.35021357918146,4.951142080859549,0
586,2023-01-25 09:00:00,110.03640469454827,1.5457590102269325,0
587,2023-01-25 10:00:00,68.96583202716599,3.780578216190375,0
588,2023-01-25 11:00:00,82.2199304776623,2.6172750724171685,0
589,2023-01-25 12:00:00,82.01145973944311,2.712798459702459,0
590,2023-01-25 13:00:00,87.9756733780736,3.870391062632705,0
591,2023-01-25 14:00:00,84.70679316235254,3.7697446052974786,0
592,2023-01-25 15:00:00,210.21868620080366,4.965023974808753,0
593,2023-01-25 16:00:00,95.47002109978621,1.513577157816501,0
594,2023-01-25 17:00:00,136.4168208309658,1.4164385975366653,0
595,2023-01-25 18:00:00,274.19710247650295,3.8973552685149646,0
596,2023-01-25 19:00:00,168.4904100657181,3.3135476680256364,0
597,2023-01-25 20:00:00,216.8894346302568,2.0966426662392235,0
598,2023-01-25 21:00:00,93.07996780040746,1.3176774759559464,0
599,2023-01-25 22:00:00,98.0722547021677,1.3426329983857221,0
600,2023-01-25 23:00:00,60.21715406661971,4.576763498656473,0
601,2023-01-26 00:00:00,92.23376576804114,1.7674692988749716,0
602,2023-01-26 01:00:00,119.64758475798966,2.293486248462083,0
603,2023-01-26 02:00:00,94.2526210691867,1.906625608907952,0
604,2023-01-26 03:00:00,72.1756334392639,2.4199852233277492,0
605,2023-01-26 04:00:00,80.1589677751502,1.2776953709843735,0
606,2023-01-26 05:00:00,165.19469200818145,3.0762391636330815,0
607,2023-01-26 06:00:00,101.58342960144813,1.2704502543688596,0
608,2023-01-26 07:00:00,141.06746526201886,4.201426031289446,0
609,2023-01-26 08:00:00,175.85431771371424,1.934848327641732,0
610,2023-01-26 09:00:00,222.59870715734132,3.1600476584180424,0
611,2023-01-26 10:00:00,59.828034960274735,4.5203163502458334,0
612,2023-01-26 11:00:00,249.85259972726067,3.6035094761887767,0
613,2023-01-26 12:00:00,206.97509737272694,3.131831146205341,0
614,2023-01-26 13:00:00,70.43975798721797,2.2973350124615024,0
615,2023-01-26 14:00:00,268.3946560266943,2.3320076522327917,0
616,2023-01-26 15:00:00,280.2181001329533,3.6779478207927605,0
617,2023-01-26 16:00:00,65.26948996371594,4.97655744488467,0
618,2023-01-26 17:00:00,119.21941203680093,3.6473567593975145,0
619,2023-01-26 18:00:00,251.55031994826533,3.2311336694800996,0
620,2023-01-26 19:00:00,237.0649225959146,3.9226020409569844,0
621,2023-01-26 20:00:00,96.13025483909433,2.8608224491348726,0
622,2023-01-26 21:00:00,102.33733083417758,1.2405693704031409,0
623,2023-01-26 22:00:00,142.6180256978455,3.2491872635116392,0
624,2023-01-26 23:00:00,171.13074629775534,4.830501138021521,0
625,2023-01-27 00:00:00,204.563692882574,1.7012117694306386,0
626,2023-01-27 01:00:00,142.2284098924431,3.760019563282663,1
627,2023-01-27 02:00:00,165.63367903328697,1.803734754636226,0
628,2023-01-27 03:00:00,236.86773453343915,3.143310737892325,0
629,2023-01-27 04:00:00,59.170800722649474,1.3867057985868785,0
630,2023-01-27 05:00:00,113.10923608600518,2.8014837450327406,0
631,2023-01-27 06:00:00,228.3373964711381,4.024653315580984,0
632,2023-01-27 07:00:00,273.80170942179984,2.3902860969559283,0
633,2023-01-27 08:00:00,177.9193605289165,3.659646897948872,0
634,2023-01-27 09:00:00,183.0283713163289,4.181799843158917,0
635,2023-01-27 10:00:00,76.79300283494402,4.708711277917811,0
636,2023-01-27 11:00:00,161.85309170586368,1.9385683274218142,0
637,2023-01-27 12:00:00,183.15431661375578,2.5972636632372326,1
638,2023-01-27 13:00:00,110.61762590868241,1.6096640533216697,0
639,2023-01-27 14:00:00,117.31080773734524,4.969934008633501,1
640,2023-01-27 15:00:00,144.32104077615566,4.708003871697182,0
641,2023-01-27 16:00:00,55.01779944443159,3.1598285211222383,0
642,2023-01-27 17:00:00,130.51979139579458,4.368133177505685,0
643,2023-01-27 18:00:00,102.86200174913617,3.0838319090881687,0
644,2023-01-27 19:00:00,131.87433804447866,3.494342752011039,0
645,2023-01-27 20:00:00,79.9405329548128,1.3564977284640665,0
646,2023-01-27 21:00:00,272.6318201849738,4.021081681987232,0
647,2023-01-27 22:00:00,198.39811338851217,1.5108539345409393,1
648,2023-01-27 23:00:00,219.7755797861224,4.304270521010114,0
649,2023-01-28 00:00:00,247.29280965183457,4.128112350681544,0
650,2023-01-28 01:00:00,174.6105497322643,3.8349787909719057,0
651,2023-01-28 02:00:00,71.73007202185592,1.1446415220990485,0
652,2023-01-28 03:00:00,184.27663545463693,2.2125134237813144,0
653,2023-01-28 04:00:00,196.71027950521977,2.0524502796433715,0
654,2023-01-28 05:00:00,236.3598685460825,2.4405456298860764,0
655,2023-01-28 06:00:00,157.91488655741983,1.3505709870553542,0
656,2023-01-28 07:00:00,81.89507569889093,4.747831292124252,0
657,2023-01-28 08:00:00,120.94397644968112,3.215208962849505,0
658,2023-01-28 09:00:00,140.77057409965877,2.222097242632094,0
659,2023-01-28 10:00:00,211.4793103329003,2.5879260682971337,0
660,2023-01-28 11:00:00,192.69457616722798,2.7888101620193426,0
661,2023-01-28 12:00:00,139.02418147446156,3.402377333442469,0
662,2023-01-28 13:00:00,296.62881219824493,3.062717710785991,0
663,2023-01-28 14:00:00,201.4437048392218,4.677567892857669,0
664,2023-01-28 15:00:00,109.30669793399862,2.987853931623321,0
665,2023-01-28 16:00:00,75.44561815510093,4.968632059293251,0
666,2023-01-28 17:00:00,88.21478479608301,4.405699830980383,0
667,2023-01-28 18:00:00,111.48943209612703,1.8340420574293432,0
668,2023-01-28 19:00:00,90.17034331488892,4.722380858575665,0
669,2023-01-28 20:00:00,96.64175601282645,1.4654655915419044,0
670,2023-01-28 21:00:00,121.27379217346177,4.269798833964766,0
671,2023-01-28 22:00:00,93.34339882368872,2.5224931739063203,0
672,2023-01-28 23:00:00,274.1913561566063,4.5118972817802785,0
673,2023-01-29 00:00:00,70.05843641541055,4.472226760429802,0
674,2023-01-29 01:00:00,181.12784739256367,4.223701600470484,0
675,2023-01-29 02:00:00,152.5992067474154,4.1601217452282455,0
676,2023-01-29 03:00:00,295.59465422715164,2.218716556392163,0
677,2023-01-29 04:00:00,78.00972554201309,1.3236771322050087,0
678,2023-01-29 05:00:00,149.4638997614354,2.611920715060646,0
679,2023-01-29 06:00:00,292.3676083188422,1.6940980599460347,0
680,2023-01-29 07:00:00,266.37678147349504,3.779804355609847,0
681,2023-01-29 08:00:00,254.26801773731998,2.384398906151142,0
682,2023-01-29 09:00:00,114.47570676123496,4.90244080343966,0
683,2023-01-29 10:00:00,92.72189684751646,3.563888309381328,0
684,2023-01-29 11:00:00,217.16080498110776,4.289922254537444,0
685,2023-01-29 12:00:00,282.34399728189646,1.5300986909673937,0
686,2023-01-29 13:00:00,189.19072325348245,4.44805792909049,0
687,2023-01-29 14:00:00,192.90317236747495,4.691028762053577,0
688,2023-01-29 15:00:00,119.99477341507104,2.9482476752757436,0
689,2023-01-29 16:00:00,242.37323329798423,3.4250117510039098,0
690,2023-01-29 17:00:00,96.76093713938084,4.059239203611982,0
691,2023-01-29 18:00:00,130.91980910106093,1.6993545090416502,0
692,2023-01-29 19:00:00,156.3591096541042,3.0102643058537697,0
693,2023-01-29 20:00:00,176.90259467111377,2.5946521110892524,0
694,2023-01-29 21:00:00,110.60243310377007,1.5854959686489964,0
695,2023-01-29 22:00:00,78.70920618480088,2.4701376891661257,1
696,2023-01-29 23:00:00,202.65501061040814,1.2726892375419743,0
697,2023-01-30 00:00:00,122.15763831006394,1.103247627797948,0
698,2023-01-30 01:00:00,195.30955535565306,1.540665156619291,0
699,2023-01-30 02:00:00,88.59067881855057,4.852460446356695,0
700,2023-01-30 03:00:00,170.28502546370436,3.198118143580068,0
701,2023-01-30 04:00:00,183.14735813789648,4.863288644612879,0
702,2023-01-30 05:00:00,62.95588420560673,2.729991513320528,1
703,2023-01-30 06:00:00,134.15106954848017,2.2472645323410383,0
704,2023-01-30 07:00:00,83.60366923474356,3.0245674513609764,0
705,2023-01-30 08:00:00,65.84374261819194,2.7580467545316405,0
706,2023-01-30 09:00:00,297.4900580974863,1.4226587370469757,0
707,2023-01-30 10:00:00,130.58846124368074,3.563305258760825,0
708,2023-01-30 11:00:00,252.4686114636587,1.8641527300383984,0
709,2023-01-30 12:00:00,113.66016369094096,3.4783518195913183,0
710,2023-01-30 13:00:00,220.3756805559823,3.6008043695926135,0
711,2023-01-30 14:00:00,240.05696497242164,1.6080994125145924,0
712,2023-01-30 15:00:00,198.90968515196107,1.2453985084426726,0
713,2023-01-30 16:00:00,167.8940471375396,4.123046344273759,0
714,2023-01-30 17:00:00,152.9602285368171,2.8392016950772807,0
715,2023-01-30 18:00:00,137.21706663574884,1.2326551820219032,0
716,2023-01-30 19:00:00,282.38228606195645,4.979465268679069,0
717,2023-01-30 20:00:00,257.6548519469323,1.2311222439854665,0
718,2023-01-30 21:00:00,291.25672766662814,3.7801409154342127,1
719,2023-01-30 22:00:00,81.07430587138619,4.934715701053655,0
720,2023-01-30 23:00:00,232.71686880091107,1.9567204168637025,0
721,2023-01-31 00:00:00,284.58511420525946,1.5689974747487847,0
722,2023-01-31 01:00:00,95.30826654141504,1.4855397576897156,0
723,2023-01-31 02:00:00,66.62406684169437,2.213100590270382,0
724,2023-01-31 03:00:00,235.28016232251477,1.4041832440425868,0
725,2023-01-31 04:00:00,193.61827829497798,3.7686453667765276,0
726,2023-01-31 05:00:00,260.457194189568,1.2491671925202508,0
727,2023-01-31 06:00:00,84.94309415657237,3.037688512599159,0
728,2023-01-31 07:00:00,248.81682796497256,4.986787415411907,0
729,2023-01-31 08:00:00,100.40683001193614,4.255881078024075,0
730,2023-01-31 09:00:00,90.91398571642613,3.4608777529240435,0
731,2023-01-31 10:00:00,91.06644948274823,2.2250144831464467,0
732,2023-01-31 11:00:00,253.64368005784553,3.495583345166554,0
733,2023-01-31 12:00:00,216.29930517405003,3.1081658556466065,0
734,2023-01-31 13:00:00,180.76635619227983,2.704333535561486,1
735,2023-01-31 14:00:00,139.70762103087563,1.522841506960798,0
736,2023-01-31 15:00:00,269.3001352032771,4.546416860961867,0
737,2023-01-31 16:00:00,148.11127685565884,2.79913859528529,1
738,2023-01-31 17:00:00,254.14985986789426,1.7784900472830603,0
739,2023-01-31 18:00:00,159.7837271425546,2.4710374035091585,1
740,2023-01-31 19:00:00,144.2361073562269,2.656519010115708,0
741,2023-01-31 20:00:00,165.6699464174016,4.310151582267498,0
742,2023-01-31 21:00:00,125.34446854103552,3.934457522245608,0
743,2023-01-31 22:00:00,236.90234504406277,4.077219574565359,0
744,2023-01-31 23:00:00,175.6800975231198,1.0441250577145889,0
745,2023-02-01 00:00:00,108.05317378670432,2.664615992719046,0
746,2023-02-01 01:00:00,274.89364331864215,2.9253766065412945,0
747,2023-02-01 02:00:00,145.97280534330287,1.0767691072922267,0
748,2023-02-01 03:00:00,185.88821527849714,2.039252834980137,0
749,2023-02-01 04:00:00,276.61802774113676,4.0411592924885404,0
750,2023-02-01 05:00:00,206.05949897849803,1.5484388229159962,0
751,2023-02-01 06:00:00,79.22451017709102,3.1412405258103666,0
752,2023-02-01 07:00:00,284.9580309033688,1.86080748806895,0
753,2023-02-01 08:00:00,206.92701326785448,1.048483098575573,0
754,2023-02-01 09:00:00,133.72640366427152,1.964805830398166,0
755,2023-02-01 10:00:00,84.81801816584681,4.903495019640215,0
756,2023-02-01 11:00:00,248.506297317574,4.206148447531959,0
757,2023-02-01 12:00:00,205.01818898212838,4.838306577284134,0
758,2023-02-01 13:00:00,183.36527299408039,2.95141617570545,0
759,2023-02-01 14:00:00,273.4731457627394,1.438944794710014,0
760,2023-02-01 15:00:00,247.14930280613268,3.191837955894772,0
761,2023-02-01 16:00:00,87.91871993318779,2.8175093382398435,0
762,2023-02-01 17:00:00,127.93051694888706,4.377428330958464,0
763,2023-02-01 18:00:00,112.12228495361643,1.3923303231369784,0
764,2023-02-01 19:00:00,235.98657314316924,2.9529645480871127,0
765,2023-02-01 20:00:00,58.38310868394485,1.600194658775937,0
766,2023-02-01 21:00:00,192.47242121782912,2.29870370756024,1
767,2023-02-01 22:00:00,240.61467143517262,3.9494283095511986,0
768,2023-02-01 23:00:00,269.19140919043735,2.904072517475066,0
769,2023-02-02 00:00:00,135.52043717897686,2.5035531405830773,0
770,2023-02-02 01:00:00,255.31432616800322,2.5779051142801412,0
771,2023-02-02 02:00:00,77.6579342388018,2.8377870736239466,0
772,2023-02-02 03:00:00,261.61307293362955,4.1400661753482275,0
773,2023-02-02 04:00:00,81.8721655829956,4.568338755760937,0
774,2023-02-02 05:00:00,149.32182264009182,4.821338746015713,0
775,2023-02-02 06:00:00,249.32384144488842,4.14761354502118,0
776,2023-02-02 07:00:00,87.47935683719345,2.261627582992051,0
777,2023-02-02 08:00:00,107.31284880816037,3.7525388243461686,0
778,2023-02-02 09:00:00,230.56314209826658,2.7504124962215677,0
779,2023-02-02 10:00:00,230.00913413651858,2.0186824881842047,0
780,2023-02-02 11:00:00,210.28690822132432,4.363486317703691,0
781,2023-02-02 12:00:00,223.487111116775,1.1537053958493,0
782,2023-02-02 13:00:00,185.68111083689905,4.6070479685416945,0
783,2023-02-02 14:00:00,112.94976472673818,2.8459098584989366,1
784,2023-02-02 15:00:00,136.42399837597986,3.5488059072331217,0
785,2023-02-02 16:00:00,95.39942920035642,3.637415688823131,0
786,2023-02-02 17:00:00,277.11264033340706,4.580470962826146,0
787,2023-02-02 18:00:00,195.84794869153012,3.5466787286688293,1
788,2023-02-02 19:00:00,150.21285419090998,3.455734339040247,0
789,2023-02-02 20:00:00,165.50145091103317,1.2666081622427598,1
790,2023-02-02 21:00:00,286.82083490295383,3.0736320877808163,1
791,2023-02-02 22:00:00,88.33785077902004,1.6006760032681666,0
792,2023-02-02 23:00:00,196.5574580041993,3.9497350748859423,1
793,2023-02-03 00:00:00,176.4721697211165,3.048887683250698,0
794,2023-02-03 01:00:00,202.86355885866195,3.7209111168334132,0
795,2023-02-03 02:00:00,54.52754595521013,1.166691602409537,0
796,2023-02-03 03:00:00,268.03097723603787,1.3391680641832129,0
797,2023-02-03 04:00:00,283.0295706209031,3.865293552250729,0
798,2023-02-03 05:00:00,191.28329589730222,1.2883373439946935,0
799,2023-02-03 06:00:00,224.16270596922305,1.2850269110610344,1
800,2023-02-03 07:00:00,280.6248452943239,1.0484339009395498,0
801,2023-02-03 08:00:00,226.80965857834966,4.82600559319792,0
802,2023-02-03 09:00:00,88.13476072856534,3.950033437836028,0
803,2023-02-03 10:00:00,194.0720900417033,2.4130056340082566,0
804,2023-02-03 11:00:00,201.67876159571398,2.186142325150621,1
805,2023-02-03 12:00:00,156.0326678255965,2.398812918983398,0
806,2023-02-03 13:00:00,234.11105890618072,4.098614124724728,1
807,2023-02-03 14:00:00,283.59175369225375,3.6454824442816576,0
808,2023-02-03 15:00:00,281.39212822669407,1.7407822714698717,0
809,2023-02-03 16:00:00,162.70984285103305,1.6964373413363374,0
810,2023-02-03 17:00:00,78.30951146018882,1.3935825988535893,0
811,2023-02-03 18:00:00,296.21029974058365,3.6412108788053525,0
812,2023-02-03 19:00:00,259.7245216114835,4.057490648886944,0
813,2023-02-03 20:00:00,81.16567030081671,2.060185713300016,0
814,2023-02-03 21:00:00,280.2104706543431,1.0837798441236512,0
815,2023-02-03 22:00:00,267.4740905155321,1.3286866699057094,0
816,2023-02-03 23:00:00,179.70951428151804,4.871440139380121,0
817,2023-02-04 00:00:00,197.81885893623232,2.181779109909681,0
818,2023-02-04 01:00:00,149.75067596753257,4.076892591352534,0
819,2023-02-04 02:00:00,63.69040970550783,3.498654275417055,0
820,2023-02-04 03:00:00,133.79931041147523,2.5277585586115836,0
821,2023-02-04 04:00:00,250.71336214950287,1.8227490487822204,0
822,2023-02-04 05:00:00,51.15800575115072,1.4855456726376257,0
823,2023-02-04 06:00:00,133.37479292278604,3.4600518721554665,0
824,2023-02-04 07:00:00,149.54217339773584,4.0985351225511515,0
825,2023-02-04 08:00:00,184.3489007344807,3.5756170141645227,0
826,2023-02-04 09:00:00,279.9639041031901,3.1212085329966333,0
827,2023-02-04 10:00:00,136.5864985914903,1.167804893726545,0
828,2023-02-04 11:00:00,136.73830047405693,4.873955110377535,0
829,2023-02-04 12:00:00,234.3753120274371,4.194856766618298,0
830,2023-02-04 13:00:00,163.05448522245177,2.171288146803859,0
831,2023-02-04 14:00:00,106.1512057349955,4.919881317435403,0
832,2023-02-04 15:00:00,163.10987903317334,3.4075263585452884,0
833,2023-02-04 16:00:00,85.21425509494996,3.329690632828986,0
834,2023-02-04 17:00:00,94.09674662655583,3.9922927177181284,0
835,2023-02-04 18:00:00,174.59194318486993,4.24707915236055,0
836,2023-02-04 19:00:00,154.73136237613699,3.6259144293260106,0
837,2023-02-04 20:00:00,278.711475267025,1.5123829854648,1
838,2023-02-04 21:00:00,140.59847477915827,2.3530700239779936,0
839,2023-02-04 22:00:00,195.14708756951086,4.712334561304199,0
840,2023-02-04 23:00:00,208.0660719798826,1.8984624473754077,0
841,2023-02-05 00:00:00,53.27361414708341,2.4886680953500533,0
842,2023-02-05 01:00:00,215.88434300417765,2.728307531776784,0
843,2023-02-05 02:00:00,94.50899171743785,2.7576199587778087,0
844,2023-02-05 03:00:00,290.2675793673638,3.451758329978102,1
845,2023-02-05 04:00:00,87.16568193827824,4.772303350978831,0
846,2023-02-05 05:00:00,153.65603093175594,1.9627708473300198,0
847,2023-02-05 06:00:00,71.33741701966096,1.4860055052036723,0
848,2023-02-05 07:00:00,299.21856296148684,1.7898819594397493,0
849,2023-02-05 08:00:00,175.54875258281066,4.547699600837078,0
850,2023-02-05 09:00:00,198.84625433001094,3.583243250620824,0
851,2023-02-05 10:00:00,66.76911934710687,2.1436271569566405,0
852,2023-02-05 11:00:00,237.49011759979444,4.2637877558744695,0
853,2023-02-05 12:00:00,102.47639827389645,4.445479985453744,0
854,2023-02-05 13:00:00,274.51357236017844,4.386057354761112,0
855,2023-02-05 14:00:00,101.28491012050179,4.675706134558218,0
856,2023-02-05 15:00:00,97.67193016591665,2.0089640806934463,0
857,2023-02-05 16:00:00,59.13741696202372,4.020167714985114,0
858,2023-02-05 17:00:00,168.01673627749983,2.84215798909656,0
859,2023-02-05 18:00:00,191.2102833156541,4.367994211560246,0
860,2023-02-05 19:00:00,66.4271598570881,3.913962708646453,0
861,2023-02-05 20:00:00,243.88190417375264,4.1057897859988985,0
862,2023-02-05 21:00:00,163.3222086870069,3.624647350724286,0
863,2023-02-05 22:00:00,181.09756733189502,1.7097150778788275,1
864,2023-02-05 23:00:00,160.19068673455703,3.1801076755877533,0
865,2023-02-06 00:00:00,150.1907652188315,4.938678958098032,0
866,2023-02-06 01:00:00,189.91008282705448,4.749552265988475,0
867,2023-02-06 02:00:00,88.81006148267812,1.1726949431880467,0
868,2023-02-06 03:00:00,95.48203262381779,1.6592592629177485,0
869,2023-02-06 04:00:00,265.44640525337934,1.5269150938182476,0
870,2023-02-06 05:00:00,286.5288655334082,3.903919639941182,0
871,2023-02-06 06:00:00,143.32732906993823,4.27114131942778,0
872,2023-02-06 07:00:00,117.68616828588844,1.8540454652426877,0
873,2023-02-06 08:00:00,210.99988580975395,3.023410771807316,0
874,2023-02-06 09:00:00,152.18354277452408,4.3628121120448,0
875,2023-02-06 10:00:00,56.346588915086215,3.9312061790650024,0
876,2023-02-06 11:00:00,89.03814934154758,3.168948821967393,0
877,2023-02-06 12:00:00,228.9930572118494,3.3613907618350916,0
878,2023-02-06 13:00:00,214.73098547753784,3.03344218766512,0
879,2023-02-06 14:00:00,56.773998125870875,2.1901938052752823,0
880,2023-02-06 15:00:00,105.49304048323737,3.2600879714360644,0
881,2023-02-06 16:00:00,107.76869914701786,3.7555412082003627,0
882,2023-02-06 17:00:00,217.9731858996821,4.49329166344323,0
883,2023-02-06 18:00:00,54.92763443859104,3.5451654159169923,0
884,2023-02-06 19:00:00,76.02714549614346,4.044486148172632,0
885,2023-02-06 20:00:00,249.97902134329735,1.640286539818292,0
886,2023-02-06 21:00:00,94.6361655135834,2.8462298976791596,0
887,2023-02-06 22:00:00,213.18652696296868,1.0373264793083732,0
888,2023-02-06 23:00:00,109.54569526168163,1.986715458086492,0
889,2023-02-07 00:00:00,74.86034818983629,3.9058468604520193,0
890,2023-02-07 01:00:00,110.79304774986352,4.967239805397454,0
891,2023-02-07 02:00:00,230.5667329639148,1.3967123983488636,0
892,2023-02-07 03:00:00,263.9241170265714,2.605977263445153,0
893,2023-02-07 04:00:00,257.5549661417479,4.200283874796638,0
894,2023-02-07 05:00:00,149.2958824046137,1.8161425385155954,0
895,2023-02-07 06:00:00,217.02128414266153,3.220339797209145,0
896,2023-02-07 07:00:00,101.24607385395524,3.932285184118699,0
897,2023-02-07 08:00:00,123.28693256525331,3.463941801040716,0
898,2023-02-07 09:00:00,274.08395463027995,1.7520989384616645,0
899,2023-02-07 10:00:00,53.25048087768401,2.4215382747429577,0
900,2023-02-07 11:00:00,71.37713271361702,4.135167137941589,0
901,2023-02-07 12:00:00,101.97156378650683,3.2169060565280665,0
902,2023-02-07 13:00:00,56.63305096845493,1.020918454171651,0
903,2023-02-07 14:00:00,95.35885877244934,4.043963040112375,0
904,2023-02-07 15:00:00,195.76039024242306,1.1412454197609563,0
905,2023-02-07 16:00:00,155.3561376481245,3.9829351309249286,0
906,2023-02-07 17:00:00,273.1679277692437,1.8099222406609496,0
907,2023-02-07 18:00:00,254.3608904346102,4.832293920477521,1
908,2023-02-07 19:00:00,135.45433792446897,2.471763005208338,0
909,2023-02-07 20:00:00,114.85585835782312,2.3077264653523164,0
910,2023-02-07 21:00:00,144.92310204181672,1.5955522013297787,0
911,2023-02-07 22:00:00,197.57373562870194,2.2224168619608595,0
912,2023-02-07 23:00:00,117.01591020571907,4.506603047312803,0
913,2023-02-08 00:00:00,206.0372269622835,4.985337350508989,0
914,2023-02-08 01:00:00,152.3529130478101,2.4732381220273933,1
915,2023-02-08 02:00:00,188.01179521299505,2.7944425238181703,0
916,2023-02-08 03:00:00,159.03163228382917,3.888283752810948,0
917,2023-02-08 04:00:00,123.61643988547942,4.5447831218602985,0
918,2023-02-08 05:00:00,287.11332674053915,3.3721773367471366,0
919,2023-02-08 06:00:00,240.90144853994022,2.5661027927113174,0
920,2023-02-08 07:00:00,85.02829394161313,2.650487363394495,0
921,2023-02-08 08:00:00,267.1169939744782,3.7824725859872275,0
922,2023-02-08 09:00:00,171.8577995623784,1.0128730544171147,0
923,2023-02-08 10:00:00,273.6380567235228,3.4783573498393627,0
924,2023-02-08 11:00:00,249.9638139868288,2.4219720417654296,0
925,2023-02-08 12:00:00,156.30337611730835,4.176789325108337,0
926,2023-02-08 13:00:00,55.61732708002935,1.3719625592925286,0
927,2023-02-08 14:00:00,117.16933984623653,3.352809067793562,0
928,2023-02-08 15:00:00,185.40855366521674,2.923891559544495,1
929,2023-02-08 16:00:00,208.36955495653683,3.5693021036209096,0
930,2023-02-08 17:00:00,114.47192135830058,1.2594143779318734,0
931,2023-02-08 18:00:00,84.83901851820603,3.319935149712525,0
932,2023-02-08 19:00:00,258.7325591998248,3.245938351838095,0
933,2023-02-08 20:00:00,296.10054517588804,3.2426403776646837,0
934,2023-02-08 21:00:00,181.42254557567145,3.4139506663858192,0
935,2023-02-08 22:00:00,92.91982146207587,3.705871748905449,0
936,2023-02-08 23:00:00,118.07683162984223,4.219955998723079,0
937,2023-02-09 00:00:00,54.597669136866685,2.0792828805128574,0
938,2023-02-09 01:00:00,278.5747016401248,4.300197640720248,0
939,2023-02-09 02:00:00,79.43777072253528,2.9930227290538145,1
940,2023-02-09 03:00:00,194.1291188785634,1.3082331165373247,0
941,2023-02-09 04:00:00,118.5138051718015,1.2342037169759168,0
942,2023-02-09 05:00:00,188.54450062894836,2.336953274784243,0
943,2023-02-09 06:00:00,212.85509708796604,4.13958790844587,0
944,2023-02-09 07:00:00,257.4354509268004,3.830723738963663,0
945,2023-02-09 08:00:00,101.6053179401508,4.154459858689625,0
946,2023-02-09 09:00:00,52.74895716462012,3.0690762257664375,0
947,2023-02-09 10:00:00,84.22140751720181,2.7607959918219622,0
948,2023-02-09 11:00:00,275.00466046202627,1.5898101068251358,0
949,2023-02-09 12:00:00,268.4725193906288,2.312771014437246,0
950,2023-02-09 13:00:00,199.35327554257708,2.736077464695501,0
951,2023-02-09 14:00:00,200.12921510841335,1.354401718718469,0
952,2023-02-09 15:00:00,216.25916863656386,1.882447810844845,0
953,2023-02-09 16:00:00,93.8428196558624,3.3929011762549552,0
954,2023-02-09 17:00:00,278.60298648123995,3.9426524569567594,0
955,2023-02-09 18:00:00,154.69263122301828,4.9933900455717986,0
956,2023-02-09 19:00:00,145.78463206237438,4.73245332537423,0
957,2023-02-09 20:00:00,179.7294263207094,3.570260798140766,0
958,2023-02-09 21:00:00,61.74149169376376,2.684992213176288,0
959,2023-02-09 22:00:00,91.57084218901986,3.544709458832931,0
960,2023-02-09 23:00:00,234.50840410659262,4.142606472320928,0
961,2023-02-10 00:00:00,70.69966698128161,1.4733447636935493,0
962,2023-02-10 01:00:00,200.78802736659705,2.639619558785153,0
963,2023-02-10 02:00:00,111.33727742033024,4.359209142542468,0
964,2023-02-10 03:00:00,147.32390351049412,2.535331807732176,1
965,2023-02-10 04:00:00,122.17343419267496,3.287489084908746,0
966,2023-02-10 05:00:00,138.9181791162373,3.351077443448793,0
967,2023-02-10 06:00:00,229.76147629606137,1.7379050125345574,0
968,2023-02-10 07:00:00,124.28042890579376,2.4489417666091535,0
969,2023-02-10 08:00:00,191.6011600742243,2.3380451549677286,0
970,2023-02-10 09:00:00,169.0126005497749,1.1047868341282592,0
971,2023-02-10 10:00:00,215.91779134066203,1.096767055565421,0
972,2023-02-10 11:00:00,284.2074348311895,4.326788174703093,0
973,2023-02-10 12:00:00,233.14302430256257,2.0922832398912496,0
974,2023-02-10 13:00:00,103.73509464768918,3.0723150649552617,0
975,2023-02-10 14:00:00,57.79578376532117,2.194902294355092,0
976,2023-02-10 15:00:00,115.56601107495626,4.762716980461362,0
977,2023-02-10 16:00:00,198.7694826750637,2.037187035463095,0
978,2023-02-10 17:00:00,62.856453371062585,2.7186272509557403,0
979,2023-02-10 18:00:00,174.09156180030908,4.490921001938407,0
980,2023-02-10 19:00:00,199.2107122292223,4.367734267167235,1
981,2023-02-10 20:00:00,133.5609727042402,1.7444056713851093,0
982,2023-02-10 21:00:00,242.72805093645547,4.210573239182842,0
983,2023-02-10 22:00:00,76.64956328344294,2.8327475469515706,0
984,2023-02-10 23:00:00,68.78444543395219,2.931875488341421,0
985,2023-02-11 00:00:00,232.04718905090084,1.5339198896637751,0
986,2023-02-11 01:00:00,173.87282905154962,1.3224060550284986,1
987,2023-02-11 02:00:00,222.100599106934,3.9117572278950608,0
988,2023-02-11 03:00:00,158.70683465093657,2.985844609421199,0
989,2023-02-11 04:00:00,111.6005083097767,2.747402810460718,0
990,2023-02-11 05:00:00,254.77557941854994,3.918032914609587,0
991,2023-02-11 06:00:00,249.8539697422448,4.062051595964439,0
992,2023-02-11 07:00:00,223.67411771360668,1.6356326706774142,0
993,2023-02-11 08:00:00,118.03628430749067,3.440900597910565,0
994,2023-02-11 09:00:00,197.5576667172718,1.5414163291107421,0
995,2023-02-11 10:00:00,140.24347423500672,4.005500344116182,0
996,2023-02-11 11:00:00,72.89551833165854,3.627820625068558,0
997,2023-02-11 12:00:00,279.32839386556066,4.826458484333832,0
998,2023-02-11 13:00:00,84.20465772974035,1.2758320654256847,0
999,2023-02-11 14:00:00,287.55933845520065,1.2282188846050173,0
1000,2023-02-11 15:00:00,161.50144323948894,2.1287482987728006,0
